Country Code;Country Name;2014;2013;2012;2011;2010;2009;2008;2007;2006;2005;2004;2003;2002;2001;2000;1999;1998;1997;1996;1995;1994;1993;1992;1991;1990;1989;1988;1987;1986;1985;1984;1983;1982;1981;1980;1979;1978;1977;1976;1975;1974;1973;1972;1971;1970;1969;1968;1967;1966;1965;1964;1963;1962;1961;1960;1959;1958;1957;1956;1955;1954;1953;1952;1951;1950;1949;1948;1947;1946;1945;1944;1943;1942;1941;1940;1939;1938;1937;1936;1935;1934;1933;1932;1931;1930;1929;1928;1927;1926;1925;1924;1923;1922;1921;1920;1919;1918;1917;1916;1915;1914;1913;1912;1911;1910;1909;1908;1907;1906;1905;1904;1903;1902;1901;1900
AFG;AFGHANISTAN;120000;21628;51501;1762815;46200;65857;452964;30255;2233910;44720;5540;4754;313670;204695;2582228;113162;165836;20750;13105;7674;100330;1000;4000;146600;0;;161000;0;;;35;34503;38000;;30000;;271684;;170000;;;;250000;0;;48000;;;;;;0;;;;;;;2000;;0;;;;;;;;;;;;;;;;;;;;;;;;;;;;;;;;;;;;;;;;;;;;;;;;;;;;;;
ALB;ALBANIA;;;230000;;14000;6750;;225;;400500;2500;;192110;;;;2100;8000;66;3500;;;35000;;;3200000;690;;;7111;;;5005;;;350;;;;;;;;;;;;134;;;;;;;;;;;;;;;;;;;;;;;;;;;;;;;;;;;;;;;;;;;;;;;;;;;;;;;;;;;;;;;;;;;
DZA;ALGERIA;;;101;793;43;2548;59050;1305;60319;1825;27880;210511;2305;45423;215;15877;;3364;101;;43989;712;4508;204;;12184;10364;3152;;15000;1470;;8514;50;930407;30000;;;;;20000;146000;;;;200237;;30000;35912;49350;;45400;;;1250;;;;;;129250;;0;;;;;;0;;;;;;;;;;;;;;;;;;;0;;;;;;;;;;;;;;;;;0;;;;;;;;;;
ASM;AMERICAN SAMOA;;;;;;2500;;;;0;23060;3;;;;;;;;;;;;;;0;;;;0;;;;;;;;;;;;;;;;;;;0;;;;;;;;;;;;;;;;;;;;;;;;;;;;;;;;;;;;;;;;;;;;;;;;;;;;;;;;;;;;;;;;;;
AGO;ANGOLA;;1000;1833900;90684;189781;251003;98837;64343;57795;10000;358745;825;0;40353;79128;873;1113;105000;;1007;;;;;;2015525;;673;;500000;;;;80000;;;;;;;;;;;;;;;;;;;;;;;;;;;;;;;;;;;;;;;;;;;;;;;;;;;;;;;;;;;;;;;;;;;;;;;;;;;;;;;;;
AIA;ANGUILLA;;;;;;;;;;;;;;;;150;;;;;;;;;;;;;;;0;0;;;;0;;;;;;;;;;;;;;;;;;;1250;;;;;0;;;;;;;;;;;;;;;;;;;;;;;;;;;;;;;;0;0;0;0;0;;;;;;;;;;;;;;;;;;;
ATG;ANTIGUA AND BARBUDA;;;;;5000;;25800;;;;;;;;;5957;2025;;;3702;;;;;0;8030;;;;;;75000;;;;;;;;;;;;;;;;;0;;;;;;0;;;;;;;;;;0;;;;;;;;;;;;;;;;;;;;;;;;;;;;;;;;;;;;;;;;;;;;;;;;;;
ARG;ARGENTINA;350;350012;19530;0;0;67518;85000;135000;4500;252;6307;163900;17927;256950;38570;0;364000;12500;;33500;0;8000;91957;63200;2000;;4600000;165752;205000;1251238;12014;6080000;50000;;40000;20000;1700;42600;;0;100000;300;0;;0;;;212000;120000;0;;;;;;;0;;;;;;;;;5000;;;;;155000;;;;;;;;;;;;;;;;;;;;;;;;;;;;;;;;;;;;;;;;;;;;
ARM;ARMENIA;;76000;;;;;;;;;0;;;;297000;;144;22000;;;;;;;;;;;;;;;;;;;;;;;;;;;;;;;;;;;;;;;;;;;;;;;;;;;;;;;;;;;;;;;;;;;;;;;;;;;;;;;;;;;;;;;;;;;;;;;;;
AUS;AUSTRALIA;168;8940;16000;7637;186000;36554;20400;5820;10271;4420;4265;5196;373;8608;2150;12697;15175;400;636133;931869;4011784;3033100;7000120;408;6000;2115;0;;1012;100;0;11000;0;80000;40;0;100;0;10000;0;45640;12000;;0;0;;6090;3100;;;;;;;;;;;;0;;;;;;;;;;;2100;;;;;3900;;;;;;;;;;;;;;;;;;;;;;;;;;;;;;;;;;;;;;;
AUT;AUSTRIA;;200;0;;;0;0;0;516;900;;0;60300;;0;10000;0;0;0;0;0;0;;0;0;;;;;0;0;0;0;0;0;;;;0;0;;;;;;;;;;;;;;;;;;;;;380;;0;;;;;;;;;;;;;;;;;;;;;;;;;;;;;;;;;;;;;;;;;;;;;;;;;;;;
AZE;AZERBAIJAN;;;22499;;70000;5000;;;;;;31500;;;3294;9170;700010;75000;;1658800;;;;;;;;;;;;;;;;;;;;;;;;;;;;;;;;;;;;;;;;;;;;;;;;;;;;;;;;;;;;;;;;;;;;;;;;;;;;;;;;;;;;;;;;;;;;;;;
BHS;BAHAMAS;;1000;0;10000;;;3000;7000;;1500;9000;;;0;;0;;;;0;;;1700;;0;;0;;;;;;;;;;;;;;;;;;;;;;3;1200;;0;;;;;;;;;;;;;;;;;;0;;;;;;;;;;0;;;;;;0;;;0;;;;;;;;;;;;;;;;;;;;;;;;;;
BHR;BAHRAIN;;;;;;;;;;;;;;;;;;;;;;;;;;;;;;;;;;;;;0;;;;;;;;;;;;;;;;;;;;;;;;;;;;;;;;;;;;;;;;;;;;;;;;;;;;;;;;;;;;;;;;;;;;;;;;;;;;;;
BGD;BANGLADESH;5012;1532207;5658154;1672680;887390;4504550;636090;23215116;229924;1186606;36889954;553145;1701304;730750;2853011;612130;15449294;4717962;5957010;17113137;1054109;16625293;85500;20037149;2070170;5304100;55574160;30301200;3175100;2331300;30000000;27165350;481460;2037000;10001050;2150;400100;234711;4000200;;38000000;50000;25000;0;13648110;199473;15905754;200;2300000;15660000;1000800;1000000;;0;200000;;0;;;;;;;0;;;;0;;;;0;0;0;;;;0;;;;;;;;;;;0;;;25000;0;;;0;0;;;;;;;0;;0;;;;;0;;;;
BRB;BARBADOS;;;;;2500;;;1;;;880;;2000;;;;;;;0;;;;;;;;230;;;100;;;;5007;;;;;;;;;;210;;;;;;;;;;;;;;;0;;;;;;;;;;;;;;;;;;;;;;;;;;;;;;;;;;;;;;;;;;;;;;;;;;;;;;;
BLR;BELARUS;30000;11325;130;;;;;0;1820;;;;;;0;2000;;21995;0;282;;40000;;;;;;;;;;;;;;;;;;;;;;;;;;;;;;;;;;;;;;;;;;;;;;;;;;;;;;;;;;;;;;;;;;;;;;;;;;;;;;;;;;;;;;;;;;;;;
BEL;BELGIUM;;0;0;71;690;0;0;2;0;210;;0;2400;;;905;140;;;800;135;600;0;;0;;;0;;0;0;1030;0;;;;;;0;;;;0;600;;;;100;0;;;0;;;;;;;0;;;350;;;;;;;;104;;;;;;;;;;;;;;;0;;6000;;0;;;;;;;;;;;;;;;;;;;;0;;;;;;
BLZ;BELIZE;;;;;0;;48000;20000;;0;;;;20000;62570;;60000;;;2600;;;;;0;;;;;;;;;;;17000;6000;;;;70000;;;;;;;;;;;;;0;;;;;;0;;;;;;;;;;;;;;;;;;;;;;;;0;;;;;;;;;;;;;;;;;;;;;;;;;;;;;;;
BEN;BENIN;;36175;55000;5840;832037;120457;159223;10884;;206;;265;452;9760;7762;57710;420527;51226;148748;123000;34000;;;0;;2411;84000;403;;475000;0;2100000;580000;;;;7200;;7;;;;115000;;0;;;;;;;;;;;;;;;;;;;;;;;;;;;;;;;;;;;;;;;;;;;;;;;;;;;;;;;;;;;;;;;;;;;;;;
BMU;BERMUDA;;;;;;;;;;;;0;;;;;;;;;;;;;;0;;40;0;0;;;;;;;;;;;;;;;;;;;;;;;;;;;;;;;;;;;;;0;;;;;;;;;;;;;;;;;;;;;;;;;;;;;;;;;;;;;;;;;;;;;;;;
BTN;BHUTAN;;;;20016;;12;;;;;0;;;;1000;0;;;;;65600;;494;;;;;;;247;;;;;;;;;;;;;;;;;;;;;;;;;;;;;;;;;;;;;;;;;;;;;;;;;;;;;;;;;;;;;;;;;;;;;;;;;;;;;;;;;;;;;
BOL;BOLIVIA;;841869;69085;92825;315896;63000;41357;824723;126600;3000;55000;58530;17231;357255;52287;7968;18238;190734;0;;215000;;40650;17665;283160;97;0;20000;310000;475;3000;3133049;30000;;15000;;178000;90000;;;18000;;;;;77;26200;;6100;500;;;;;;;;;;;;;;;;;;;;;;;;;;;;;;;;;;;;;;;;;;;;;;;;;;;;;;;;;;;;;;;;;
BIH;BOSNIA-HERCEGOVENIA;;;10347;;34910;13730;;0;;3100;278000;62575;;9000;803;1090;;;;;;;;;;;;;;;;;;;;;;;;;;;;;;;;;;;;;;;;;;;;;;;;;;;;;;;;;;;;;;;;;;;;;;;;;;;;;;;;;;;;;;;;;;;;;;;;;;;
BWA;BOTSWANA;;4210;;0;;5056;15;;22264;0;4960;;;;138776;;;;;5500;;;100000;;;;26625;;0;;;;1037300;;;;;;;;;;1000;;87600;;60000;;;60000;;;;;;;;;;;;;;;;;;;;;;;;;;;;;;;;;;;;;;;;;;;;;;;;;;;;;;;;;;;;;;;;;
BRA;BRAZIL;600;261274;210000;2157753;306938;1997521;1954775;1211638;116000;41344;155314;205981;322730;1014446;230000;244;10273840;88776;14105;148739;2000;;147553;34840;2800;1156944;3071904;760500;66057;615000;391700;23338340;4300;52300;271048;6500000;1000;131100;;828707;355000;0;;13000;10104371;38305;0;189543;4208138;270000;120000;;;;;0;;0;0;;;;;;;0;0;;;;;;;;;;;;;;;;;;;;;;;;;;;;;;;;;;;;;;;;;;;;;;;;
BRN;BRUNEI DARUSSALAM;;;;;;;;;;;;;;;;;0;;;;;;;;;;;;;;;;;;;;;;;;;;;;;;;;;;;;;;;;;;;;;;;;;;;;;;;;;;;;;;;;;;;;;;;;;;;;;;;;;;;;;;;;;;;;;;;;;;
BGR;BULGARIA;0;;38160;;90;;0;1129;547;12200;;;0;0;167;850;323;200;;;;5000;;;0;;;;3060;;;0;;0;;;;165;;;;;;;;;;;;0;;;;;;;;;;;;;;;;;;;;;;;;;;;;;;;;;;;;;0;;;;;;;;;;;;;;;;;;;;;;;;;;;;
BFA;BURKINA FASO;;11396;21000;2850000;139322;154392;57870;141808;33012;606;2783;19266;;20820;;1560;21141;17996;40967;75590;66500;;;0;2600000;;233324;0;0;572;2500;386;;10013;1250000;1612;;442900;;;;;;;;979550;;;0;;;;;;;;;;;;;;;;;;;;;;;;;;0;;;;;;;;;;;;;;;;;;;;;;;;;;;;;;0;;;;;;;;;;
BDI;BURUNDI;12682;;;1335;3490;188000;85775;25701;16310;2155000;25620;230;10163;;731191;1297244;;24350;;;;;2068;;;3600;;;;;;;;;;;1530;;;;;;;;;;;;;;;;;;;;;;;;;;;;;;;;;;;;;;;;;;;;;;;;;;;;;;;;;;;;;;;;;;;;;;;;;;;;;;
KHM;CAMBODIA;;1500000;71500;1640023;0;178091;;36000;42368;600000;0;;2120000;1969182;3448053;661253;15069;227;1300000;;5029000;;380400;900000;;;;0;;;;;;;;;;;;;;;;;;;;;;;;;;;;;;;;;;;;;;;;;;;;;;;;;;;;;;;;;;;;;;;;;;;;;;;;;;;;;;;;;;;;;;;
CMR;CAMEROON;;2344;51980;16706;10964;1456;25000;10296;71;1400;2924;100;;2042;565;4115;2086;479;2825;;0;4070;7865;1543;187072;550;1340;0;10437;;0;;;;;;;;;;;;;400000;;;;;;;;;;;;;;;;;;;;;;;;;;;;;;;;;;;;;;;;;;;;;;;;;;;;;;;;;;;;;;;;;;;;;;;
CAN;CANADA;0;100000;1500;9020;0;203;2400;500;3900;5900;1000;2878;739;1629;840;5700;13100;30600;12000;12100;4304;200;0;171;0;25000;0;250;8900;1000;30000;0;200;0;5000;0;;0;0;340;0;;;1500;0;;;;0;22;;;0;0;;0;;;;2006;0;8000;;;107000;;;;0;;;;;;;;;;0;;;;;25000;;;0;;;;;;11000;;;;2000000;;;22;;;2700;200;0;;0;;;18;;23;;;
CPV;CAPE VERDE IS;;;;;;20297;;;;;0;;30000;;;;10000;;;6306;12344;;0;;;;0;;;;5500;;2222;;;;;;;;;;0;;;;;;;;;;;;;;;;;;;;;;;;;;0;;;;;;0;;;;;;;;;;;;;;;;;;;;0;;;;;;;;;;0;;;;;;;;;;0
CYM;CAYMAN ISLANDS;;;;;;;0;;;;0;;300;0;;;;;;;;;;;;;;;;;;;;;;;;;;;;;;;;;;;;;;;;;;;;;;;;;;;;;;;;;;;;;;;;;;;;;;;;;;;;;;;;;;;;;;;;;;;;;;;;;;;;;
CAF;CENTRAL AFRICAN REP;;41800;3893;4938;1585;23972;795;7812;;23805;12698;619;1477;4473;2572;46005;9200;;17500;3999;;;418;;;;;;;;;0;;1850;;;;;;;;13000;;;;;;;;;;;;;;;;;;;;;;;;;;;;;;;;;;;;;;;;;;;;;;;;;;;;;;;;;;;;;;;;;;;;;;;;;
TCD;CHAD;;;2215339;18123;149898;2413786;16205;173145;216;6000;3567;131;;979207;9673;173506;1000;358835;1317;80686;;300000;;12218;;;55492;0;0;500;;;;1500000;;;;100;;;;;;7476;;900000;;;0;;;;;;;;;;;;;;;;;;;;;;;;;;0;;;;;;;;;;;;;;;;;;;;;;;;;;;;;;0;;;;;;;;;;
CHL;CHILE;593387;0;28597;55932;2671706;;152755;25155;95862;29105;9000;285;255642;14959;181667;1000;;132448;;11833;;3626;38000;146051;2500;0;2000;202506;84924;1482275;323173;1524;8000;;;0;6000;16800;;;40000;;;2438973;;;120000;;3006;395350;2000;460;;;2003000;;35;;;;;55;;;;173;0;;0;;;35;16;;;58500;;;;;;;;;;;0;;;;;;0;;;;;;;;;;;;;;;;0;;;;;;
CHN;CHINA P REP;500090;27468870;44562685;124272883;180656677;128762751;136975954;120116276;88739422;83943283;52949587;219552435;285294831;40366434;25401373;131415462;254900724;15841183;175303473;143223902;226377777;8799913;28930168;218875483;48277041;138272356;76257361;2578718;14446346;235920;28040;40063;816148;3212990;107200;4104;6000000;;164000;0;0;;;;14000;0;;;0;0;0;;;;;0;;0;0;113;300;;;0;10000000;0;0;;;;;;0;;;0;;;;10030000;0;3600000;0;0;;;0;0;;0;;0;0;;20000000;;0;635000;;3000000;;;0;0;0;0;;0;0;;;;;;
COL;COLOMBIA;8978;44128;151917;1487698;2796760;31850;1274219;1613518;238465;604940;540020;74838;126538;13732;79430;1360723;100000;15000;183310;104201;55385;86852;1635;15121;20625;0;232700;7286;278000;12700;0;36740;0;14000;50;113642;;100;16;;1000;5172;0;0;5112006;70000;1083;40200;;0;;;0;;;0;;;;;0;;;;40000;0;;;;;;;;;;;;;;;;;;;;;;;0;;;;;;;;;;;;;;;;;;;;0;;;;;;
COM;COMOROS;6788;;65137;;;2500;;1490;924;285358;;300;;;;140;3200;;;;;;;200;;450;;50000;;35000;;30052;;0;;;;25000;;;;;;;;;;;;;;;;;;;;;;;;;;0;;;;;;;;;;;;;;;;;;;;;;;;;;;;;;;;;;;;;;;;;;;;;;;;0;;;
COG;CONGO;;1071;9671;10819;524;;630;25000;8030;3507;;2;53015;13;0;42099;20000;485;;;16500;;;;;;;;;;;0;;;;;;;;;;;;;;;;668;;;;;;;;;;;;;;;;;;;;;;;;;;;;;;;;;;;;;;;;;;;;;;;;;;;;;;;;;;;;;;;;;;;
COK;COOK IS;;;;;2202;1247;;;;608;;;;744;;;;1023;;;;;;;1200;;;2000;;;;;;0;;;;;;;;;;;;;;0;;;;;;;;;;;;;;;;;;;;;0;;;0;0;;;;;;;;;;;;;;;;;;;;;;;;;;;;;;;;;;;;;;;;;;
CRI;COSTA RICA;;12000;10285;46695;3106;128618;209498;24500;;4072;3336;2635;95040;1437;200;9993;17150;;736000;12848;2556;38691;1200;195590;14609;;140000;;;;;5535;;;1350;;;;70000;0;;3745;;;15240;4603;15671;;;;;5200;;;;;;;;;;;;;;;;;;;;;;;;;;;;;;;;;;;;;;;;;;;;;;;;;;;;;0;;;;;;;;;;
CIV;COTE D'IVOIRE;;;;;6425;10006;450;2150;451;210;;;861;3180;;;;;0;2027;;;;50;;7000;;;;;;0;;;;;;;;;;;;;1500;;;;;;;;;;;;;;;;;;;;;;;;;;;;;;;;;;;;;;;;;;;;;;;;;;;;;;;;;;;;;;;;;;;;;;
HRV;CROATIA;;;1500;;1110;;;26;0;250;;0;;1200;800;;;0;2000;;;;;;;;;;;;;;;;;;;;;;;;;;;;;;;;;;;;;;;;;;;;;;;;;;;;;;;;;;;;;;;;;;;;;;;;;;;;;;;;;;;;;;;;;;;;;;;;
CUB;CUBA;;227;123496;;;;519464;210488;1768;2600000;247250;600;358970;5900012;675;254990;967000;35823;347542;33343;149158;771133;14996;;11000;;151512;0;7500;501891;;164575;180000;0;0;;170;18000;8;;;;;;0;;0;;174030;;0;0;;;;;;;;;;;;;;;300;;;;0;;;;;;;;;500;;;0;;;;;;0;;;;;;;;;;;;;;;;;;;;;;;;;;
CYP;CYPRUS;;;;;;;;0;;;10;30;;;400;;100;;280;1865;;;;0;;;;;;;;0;;;;;;;;;;;;;0;3100;;;;;;;;;;;;;;;;100;;;;;;;;;;;;;;;;;;;;;;;;;;;;;;;;;;;;;;;;;;;;;;;;;;;;;
CZE;CZECH REP;;1300000;0;;1400;14462;0;0;4315;3;;0;200000;;0;;0;102107;60;;;;;;;;;;;;;;;;;;;;;;;;;;;;;;;;;;;;;;;;;;;;;;;;;;;;;;;;;;;;;;;;;;;;;;;;;;;;;;;;;;;;;;;;;;;;;;;;
DNK;DENMARK;;0;;;0;;;0;;0;;;0;;;0;;;;;;;0;;0;;;;;0;;0;;0;0;;;;0;;;;;;;;;;;;;;;;;;;;;;;;;;;;;;;;;;;;;;;;;;;;;;;;;;;;;;;;;;;;;;;;;;;;;;;;;;;;
DJI;DJIBOUTI;;;;;200258;;340000;43312;;150000;100000;;;100000;419;;2000;827;100000;775;120239;20000;;;;150300;30000;;;;;80000;;102000;145000;;106000;91000;;;;;;;;;;;;;;;;;;;;;;;;;;;;;;;;;;;;;;;;;;;;;;;;;;;;;;;;;;;;;;;;;;;;;;;;;;;;;
DMA;DOMINICA;;;;240;;;;7530;;;100;;;175;;715;;;;5001;;;;;;710;;;;;10000;;;;0;72100;;;;;;;;;0;;;;;;;0;;;;;;;;;;;;;;;;;;;;;;;;;;;;;;;;;0;;;;;;;;;;;;;;;;;;;;;;;;;;;;;;
DOM;DOMINICAN REP;;0;83175;55420;64521;17835;17002;162763;;2450;24261;77478;1750;0;;0;975595;;26000;4082;;20000;0;0;;0;1191150;0;2000;895;;0;;150000;0;1555000;0;;;;;;;;;;240000;;12942;0;0;0;;;;;;;;;;;;;;;;;0;;;;;;;;;;;;;;;;12000;;;;;;;;;;;;;;;;;;;;;;;;;;;;;;
ECU;ECUADOR;;28732;80772;3750;13440;119307;289122;;357933;;;32905;204383;32300;100637;24200;2051;83007;30705;4289;0;75065;205000;15131;6510;30000;;166006;;800;;200000;700000;;40;;;300;45000;0;;30000;;2406;238712;40000;;21028;0;50000;600000;;;;;;;;;;;0;;;0;100000;;;;;;;0;;;;;;;;;;;0;;;;;;;0;;;;;;;;;;;;;;;;;;0;;0;;;;
EGY;EGYPT;;;;;3540;;697;;23;;162;;1120;;105;;;60;260;3069;160660;300;92649;208;;;;11;;;;;;;;81000;;;;0;;;;;;;;;;;;;;;;;;;;28;0;;;;;;;0;;;;;;;;;;;;;;;;;;;;;0;;;;;;;;;;;;;;;;;;;;;;;;;;
SLV;EL SALVADOR;;63079;;300000;12020;94598;3000;3300;16470;77224;;50000;2999;1991550;711;5450;85670;2000;0;10796;0;0;8350;5625;;0;39060;;770000;;;;100500;;;;;;;;;;;;;4659;;;;139720;;;;;;;;;;;;;;0;;;;;;;;;;;;;;;;;0;;;;;;;;;;;;;;;;;;;;;;;;;;;;0;;;;0;;
GNQ;EQUATORIAL GUINEA;;;;;;;;;;;946;;;;;;;;;;;;;;;;;;;;;;;;;;;;;;;;;;;;;;;;;;;;;;;;;;;;;;;;;;;;;;;;;;;;;;;;;;;;;;;;;;;;;;;;;;;;;;;;;;;;;;;;
ERI;ERITREA;;;;;;;1700000;;;;7013;0;;;;2300000;;;;0;;1615675;;;;;;;;;;;;;;;;;;;;;;;;;;;;;;;;;;;;;;;;;;;;;;;;;;;;;;;;;;;;;;;;;;;;;;;;;;;;;;;;;;;;;;;;;;;;;
EST;ESTONIA;;;0;;;;;;0;100;;;;;;;;;;;;;;;;;;;;;;;;;;;;;;;;;;;;;;;;;;;;;;;;;;;;;;;;;;;;;;;;;;;;;;;;;;;;;;;;;;;;;;;;;;;;;;;;;;;;;;;;;
ETH;ETHIOPIA;;51788;1000000;4845879;81667;6213652;6519574;247386;466994;2852382;;12710000;4000;47666;37203;5047531;0;1051222;115000;93875;43043;34800;0;0;350000;6500000;88544;7000000;0;32815;;7750000;;70000;25000;;1000;16000;70000;;;3000000;;;4000;1700585;16000;;;1500000;;;;0;;;;;;;;;;;;;;;;;;;;;;;;;;;;;;;;;;0;;;;;;0;;;;;;;0;0;;;;;;;0;;;;;;
FJI;FIJI;;;27945;;39101;14401;0;969;392;0;5600;30000;;0;0;1772;263455;3500;;;;160003;2000;;6000;0;;3369;218000;122000;;242146;;4700;35250;35900;0;;;23000;;6150;120000;;;;;;;10000;18000;;;;;;0;;;;;;800;;;;;;;;;;;0;;;;;;;;;;0;;;;;;;;;;;;;;;;;;;;;;;;;;;;;;;
FIN;FINLAND;;;;;;;;;;400;;;;;;;;;;;;;;;0;;;;;;;;;;;;;;;;;;;;;;;;;;;;;;;;;;;;;;;;;;;;;;;;;;;;;;;;;;;;;;;;;;;;;;;;;;;;;;;;;;;;;;;;;;
FRA;FRANCE;1000;2000;0;2300;500079;200;2706;900;602;4000;0;30080;3733;17302;2519;3504402;711;11259;1380;5000;410;1720;2000;0;0;0;300;0;2000;130;0;3732;18;0;313;2;1000;25000;0;;;;;;37;0;;0;;;;;;;;;0;;;;;;;;;0;;;;;;;;;;;;;;;;;;;;;;;;;;;;;;;;;;;;;;;;0;;;;;;;;;
GUF;FRENCH GUIANA;;;;;;;;;;;;;;;;;;;70000;;;;;;;;;;;;;;;;;;;;;;;;;;;;;;;;;;;;;;;;;;;;;;;;;;;;;;;;;;;;;;;;;;;;;;;;;;;;;;;;;;;;;;;;;;;;;;;;
PYF;FRENCH POLYNESIA;;;;;3411;;;;;;;;;;;;511;;;;;;;;;;;0;;;;5050;;;;;;;;;;;;;;;;;;;;;;;;;0;;;;;;;;;;;;;;;;;;;;;;;;;;;;;;;;;;;;;;;;;;;;;;;;;;;;;;;;;;
GAB;GABON;;;77845;;4081;800;;17900;;;100;;;10;;;;;15;;0;;;;;;10132;;;;;;;;;;;;;;;;;;;;;;;;;;;;;;;;;;;;;;;;;;;;;;;;;;;;;;;;;;;;;;;;;;;;;;;;;;;;;;;;;;;;;;;;
GMB;GAMBIA THE;;3300;428000;;38961;16608;700;300;;;6137;8019;0;250;116;32000;;793;4000;;;;;;;;0;0;0;;;;;;500000;;0;0;;;;5000;;150000;;;180000;;;;;;;;;;;;;;;;;;;;;;;;;;;;0;;;;;;;;;;;;;;;;;;;;;;;;;;;;;;0;;;;;;;;;;
GEO;GEORGIA;;26750;106036;1750;;7306;;;600;2500;90;;19156;900;696000;;;500;;300;;;10;3740;;;;;;;;;;;;;;;;;;;;;;;;;;;;;;;;;;;;;;;;;;;;;;;;;;;;;;;;;;;;;;;;;;;;;;;;;;;;;;;;;;;;;;;;;;;
DEU;GERMANY;;6352;0;0;0;0;0;130;1300;617;150;9;330727;0;;100000;15;5200;0;30000;0;100000;1525;0;0;;;;;;;;;;;;;;;;;;;;;;;;;;;;;;;;;;;;;;;;;;;;;;;;;;;;;;;;;;;;;;;;;;;;;;;;;;;;;;;;;;;;;;;;;;
DEU;GERMANY DEM REP;;;;;;;;;;;;;;;;;;;;;;;;;;;;;;0;0;;;;;;;;;;;;;;;;;;;;;;;;;;;;;;;;;;;;;;;;;;;;;;;;;;;;;;;;;;;;;;;;;;;;;;;;;;;;;;;;;;;;
DEU;GERMANY FED REP;;;;;;;;;;;;;;;;;;;;;;;;0;;;3500;;;0;250;12;;;;0;235;;0;;0;;0;;;;0;;;;;;0;;;;;;;;;0;;;;;;;;;;;;;;;;;;;;;;;;0;;;0;0;;;;;0;;;;;;;;;;;;;;;;;;;;
GHA;GHANA;;25560;5441;104046;17274;159545;58000;332600;;2248;;;2200;145166;;325798;1546;159;3757;700000;;;;2000000;;2819;138;;;1500;1500;12500000;;;;;;6558;;;;;;12000;;;25000;;;;;;;;;;;;;;;;;;;;;;;;;;;;;0;;;;;;;;;;;;;;;;;;;;;;;;;;;;;;;;;;;;;;;
GRC;GREECE;2023;;200;;150;1040;3708;5996;3690;;0;500;569;1350;7485;115139;1200;0;1500;30974;1000;2121;;0;61;;25;0;45300;186;200;487;;80850;17;0;600100;1600;;;;;;;;;7618;16583;26173;30253;;;;0;;;;;0;;200;0;;;;;;;;;;;;;;;;;;;;;;;0;;0;;;;;;;;;;;;;;;;;;;;;;;;;;;;
GRD;GRENADA;;;;;0;;;;;1650;60000;;;;;210;;;;;;;;;1000;;;;;;;;;;0;;;;;0;;;;;;;;;;;;0;;;;;;;;;;;;;;;;;;;;;;;;;;;;;;;;;;;;;;;;;;;;;;;;;;;;;;;;;;;;;;;
GLP;GUADELOUPE;;;;;33000;;;0;;;153;;;;;899;0;;;0;;;;;0;11084;0;;;;;;;;;0;;;75003;;;;;;0;;;;10000;;10100;;;;;;;;0;;;;;;;;;;;;;;;;;;;;;;;;;;;;0;;;;;;;;;;;;;;;;;;;;;;;;;;;;
GUM;GUAM;;;;;;;;;;;300;;15144;;;;;6420;;;;71;5542;;;;;502;;;;;;;;;;;0;;;;;;;;;;;;;;0;;;;;;;;;;;;;;;;;;;;;;;;;;;;;;;;;;;;;;;;;;;;;;;;;;;;;;;;;;;;;;
GTM;GUATEMALA;;4948;1598227;537871;455908;2513828;197300;6001;0;477854;;220;102756;122044;3786;6303;107653;;743;10837;600;;5000;50690;0;0;8050;82550;2500;5000;3000;3500;20256;;;2040;;;4993000;;;1000;;;;10208;;;;;;;;;;;;;;;;;;;;0;;;;;;;;;;;;;;;;;;;;0;;;;;;;;;;;;0;;;;;;;;;;;;;;;0;;
GIN;GUINEA;134;11249;5523;20143;48026;40000;4200;23095;1498;1884;1869;43;123;220143;322;123;0;;;;24000;6066;;;;;;30;;;;21436;;5000;;;;;;;;;;;;;;;;;;;;;;;;;;;;;;;;;;;;;;;;;;;;;;;;;;;;;;;;;;;;;;;;;;;;;;;;;;;;;;;;;
GIN;GUINEA BISSAU;;;;;56792;;14754;;32000;25111;1199;0;100000;;;2169;1500;22299;26967;;8631;1722;;;;;;9703;0;;;;0;;;;0;;;;;;0;;;;;;;;;;;;;;;;;;;;;;;;;;;;;;;;0;;;;;;;;;;;;;;;;;;;;;;;;;;;;;;0;;;;;;;;;;
GUY;GUYANA;;;;;0;;100000;;35000;274774;;;;;0;;;607200;38000;;;;;;;0;0;;;;;;;;;;;;;;;;;21000;;;;;;;;;;;;;;;;;;;;;;;;;;;;;;;;;;;;;;;;;;;;;;;;;;;;;;;;;;;;;;;;;;;;;;;
HTI;HAITI;;33265;242139;7482;4314226;12706;246276;220042;39700;42061;353377;197745;38589;5081;1200;50;12029;;155;;1587000;5000;1000000;;0;25990;873901;8910;143860;;;;;;1268000;1110;;450000;;;507000;;40000;;;;210217;;67881;;80000;2724;0;;;0;;;;;250000;;0;;;;;;;;;;;;;;;;;0;;;;;;;;;;;;;;;;;;;;0;;;;;;0;;;;;;;;;
HND;HONDURAS;20000;8000;125000;69798;56685;106907;313357;36883;1500;104669;137500;3105;89219;281321;1125;503001;2114452;0;75000;41020;15500;82447;;;48000;0;16137;;30000;;0;;20500;0;0;40000;7500;;15000;;600000;0;300000;0;;8002;;;;106170;;;;0;;;;;;;;;;;;;;;;;;;;;;;;;;;;;;0;;;;;;;;;;;;;;;;0;;;;;;;;;;;;;;;
HKG;HONG KONG (CHINA);;;;;15000;350;207;;;0;;4989;;;;493;;255;;;4017;1384;2068;182;;3512;104;1007;44;978;;3174;12999;0;368;12790;3196;225;2692;5315;2400;276;23172;1486;1438;2374;3111;1503;11301;203;385;;0;1306;22127;0;;111;;;;;;;;;;0;;;;;;;;;;0;;;;;;;;;;;;;;0;;;;;;;;;;;;;;;;;0;;;;;;
HUN;HUNGARY;;64365;0;;2000;;500;0;32300;0;393;0;1430;10000;2000;133495;;0;200;;;;0;;;;;;0;;0;;;;;;;;;;;;;;0;;;;;;;;;;;;;;;;;;;;;;;;;;;;;;;;;;;;;;;;;;;;;;;;;;;;;;;;;;;;;;;;;;;;;;
ISL;ICELAND;;;;;0;;;;;;;;;;199;;;;0;83;;;;;;;280;;;;0;0;;;;;;;6;;0;5200;;;;;;;;;;;;;;;;;;;;;;;;;;;;;;;;;;;;;;;;;;;;;;;;;;;;;;;;;;;;;;;;;;;;;;;;;
IND;INDIA;9610;16708827;4280860;12829319;4802488;11096639;13989068;38143033;7384478;28667616;33860512;8098047;342028850;27017741;100424940;42047406;34528987;30418440;16455533;33838535;12496350;129338050;3071100;8779383;4120000;3702000;44224978;318380000;6206930;11438589;20372900;1806800;138800493;16131700;32051071;39620884;32004200;15533891;600000;34002000;25100;0;204530075;7065000;10353000;280092;8515000;1065848;1050000;100000000;1436610;5000000;40000;2000;160000;13000;25000;10000;1077219;375000;0;0;1000000;;25000;0;0;;0;2000;0;30000;0;;;;;;0;0;0;;;;;;2000;40010;0;0;1000000;;;;0;;;;0;;;;;;;;;0;;0;;;;;0
IDN;INDONESIA;541827;678631;52411;28336;225272;2877173;487522;1260156;3937403;153147;796698;688007;609377;122116;804449;37567;147613;1103175;868514;352104;3594156;271017;402157;279878;40576;98994;111570;74686;628700;15385;396147;433532;396140;365682;78991;149251;298890;327002;496775;;2000;0;3500000;;0;250097;150094;212511;775160;0;;78000;;;;;0;;0;0;0;0;;0;;;;;;;;16096;;;;;4710;;20;;;;3075;0;0;;0;50;;;11250;;;;;0;;0;;;20;;;;;0;;0;;;;;;;
IRN;IRAN ISLAM REP;;5997;68307;;4785;269;22195;160009;171294;129638;7051;298423;351656;1206534;8915;37032414;65930;224600;4085;6261;111641;503780;42750;216515;732400;151717;166554;3975;41904;7080;;7482;;34100;950200;20278;40052;421406;0;0;;;23458;;10100;48300;84150;;70;2500;625000;;103000;0;0;;984;15000;0;;0;0;;0;0;;6000;0;;;;;;;;;;;;;;;;;0;1121;;;;;;;;;;;;;;;;;;;;0;;;;;;;;;
IRQ;IRAQ;;0;0;2001;;3000;1492;4696;59910;;8000;0;;;;;0;185;;;;;;500;;;;;;;;;;;;;51;;;;;;;;;500000;150000;260000;;;;;;;;;;;;;0;;;;;;;;;;;;;;;;;;;;;;;;;;;;;;;;;;;;;;;;;;;;;;;;;;;;;;
IRL;IRELAND;0;;;600;;0;;;;0;200;1;300;;1374;0;0;;0;;;3500;;0;0;;;0;0;;;0;;;;;;;;;;;;;;;;;;;;;;;;;;;;;;;;;;;;;;;;;;;;;;;;;;;;;;;;;;;;;;;;;;;;;;;;;;;;;;;;;;;
ISR;ISRAEL;;2003000;;;20022;;;;;;;;;;549;0;1000;0;;240;;;0;0;;;;;;;;0;;;;;;;;;;;;;13;;;;;;;;;;;;;;;;;;;;;;;;;;;;;;;;;;;;;;;;;;;;;;;;;;;;;;;;;;;;;;;;;;;;;;
ITA;ITALY;600;2700;26600;1;305;61140;300;0;159;0;200;1586;29559;0;46022;0;4587;38100;600;;17700;1000;1000;7000;2716;;;6189;0;30;9585;21050;10000;306;407700;5024;919;1000;250222;0;;5000;450;4220;1301850;;58563;;1300000;0;;0;;;0;;;;;;5466;4000;;173500;;;0;;;;14000;;;;;0;;;;;;;;;10000;;;;;;;;0;;650;;;;;0;;;;;;;150000;;0;0;;;;;
JAM;JAMAICA;;;215850;;2506;;4000;33188;5280;10396;350126;;26500;200;0;;;;800;;0;4372;;551340;300;;810000;26000;40000;300;;;;0;30009;250000;;0;;;;2510;;;;;100000;;;;;0;;;;;;;;;;;;20200;;;;;;;2000;;;;2000;;;0;;0;;0;0;;;;;;;;;1300;;;;;;0;;;;;94820;;;0;;90000;;;;0;;;0
JPN;JAPAN;2853;127160;102288;392615;15000;32838;50921;109222;23433;278374;421619;24484;101047;21287;576783;51477;74027;67475;5741;555687;1912;58140;40466;101148;148366;0;0;87662;177358;30220;9;30871;176699;82600;17113;28050;2020817;23119;325107;175;123;0;0;0;;0;2781;3235;13885;3030770;35376;0;0;1302249;0;1500000;0;258240;0;0;47049;2886760;229;318534;642117;194046;414153;0;0;1881672;0;0;;;;;0;;;;0;0;;;0;;;0;0;;;203733;;;;;;0;;;0;;0;;0;;;0;;;;;0;0;0
JOR;JORDAN;;;;;;;;;;;;;25;;150212;180000;;0;;;;;0;18000;;0;;29;;;;;;715;;;;;;;;;;;;;;;5792;500;;0;;;;;;;;;;;;;;;;;;;;;;;;;;;;;;;;;;;;0;;;;;;;;;;;;;;;;;;;;;;;;;;;
KAZ;KAZAKHSTAN;2709;;14400;16000;29200;;13000;;;25000;0;36626;;3680;2614;166;593;608000;;0;;30000;;;;;;;;;;;;;;;;;;;;;;;;;;;;;;;;;;;;;;;;;;;;;;;;;;;;;;;;;;;;;;;;;;;;;;;;;;;;;;;;;;;;;;;;;;;;;
KEN;KENYA;;115800;280670;8150692;215044;146646;3862458;42657;783888;3537845;2312141;60300;175008;743;721;23329570;1225;2533036;1000;;7700000;;;2700200;0;;0;;;;600000;;3000;;;40000;;20000;;16000;;;;150000;;;0;;;260000;15000;;;;;;;;;;;;;;;;;;;;;;;;;;;;;;;;;;;;;;;;;;;;;;;;;;;;;;;;;;;;;;;;
KIR;KIRIBATI;220;;;;;;85;;;;;;;;;84000;;;;;;;;;;;;;;;;;;;;;;352;;;;;700;;;;;;;;;;;;;;;;;;;;;;;;;;;;;;;;;;;;;;;;;;;;;;;;;;;;;;;;;;;;;;;;;;;;;;;;
KOR;KOREA DEM P REP;;848690;3137550;57592;95785;;;1172167;94824;16298;199705;;65844;187584;627180;42135;10172;29000;3270200;6200000;;2500;;;;;;20071;;;;;;;;0;;;;;;;;;;;;;;;;;;;;;;;;;;;;;;;;;;;;;;;;;;;;;;;;;;;;;;;;;;;;;;;;;;;;;;;;;;;;;;;
KOR;KOREA REP;101;;3120;31000;41500;;13;1602;4630;17750;9768;80003;92632;310300;44186;30722;125729;115;60365;5160;88;10318;711;22286;189260;75194;0;210000;6696;20;355171;;5042;14253;20017;35000;6000;76000;0;;;;1128339;50;9500;349226;0;2800000;197619;344459;86830;0;0;0;;0;;0;0;;;;;;;;;;;;;;;;;;;;0;;;;;;;;;;;;;;;;;;;;;;;;;;;;;;;;;;;;
KWT;KUWAIT;;;;;;;;;;;;1;;;;;;200;;;;;;;;;;;;;;;;;;;;;;;;;;;;;;;;;;;;;;;;;;;;;;;;;;;;;;;;;;;;;;;;;;;;;;;;;;;;;;;;;;;;;;;;;;;;;;;;;
KGZ;KYRGYZSTAN;0;;11050;0;8491;2000000;4197;845;21125;2050;98;211;1002;;0;;8186;1566;;;58500;;136806;;;;;;;;;;;;;;;;;;;;;;;;;;;;;;;;;;;;;;;;;;;;;;;;;;;;;;;;;;;;;;;;;;;;;;;;;;;;;;;;;;;;;;;;;;;;
LAO;LAO P DEM REP;;610253;;467000;;128887;204190;0;;;;;150000;453000;459685;20000;;;420000;1591644;198000;120;269027;370315;;;730000;2000;;0;2000;;;0;;;459000;3500000;;;;;;115000;;0;9600;;72000;;;;;;;;;;;;;;;;;;;;;;;;;;;;;;;;;;;;;;;;;;;;;;;;;;;;;;;;;;;;;;;;;;
LVA;LATVIA;;;0;;;;;;0;0;;0;;0;102;0;;;;;;;;;;;;;;;;;;;;;;;;;;;;;;;;;;;;;;;;;;;;;;;;;;;;;;;;;;;;;;;;;;;;;;;;;;;;;;;;;;;;;;;;;;;;;;;;;;;
LBN;LEBANON;;;;;;;;15;;;;17000;500;;;;;;;;;;104075;;;;;1500;;;;0;;;;;;;;;;;;;;;;;;;;;;;;;;;200;0;;;;;;;;;;;;;;;;;;;;;;;;;;;;;;;;;;;;;;;;;;;;;;;;;;;;;;;
LSO;LESOTHO;;;;730515;;;4500;475000;;;;;500000;2001;1834;1862;;;250;;;;331500;;0;0;;100000;;80000;;500000;;;;;;;;;500;;;;;;204000;;;;;;;;;;;;;;;;;;;;;;;;;;;;;;;;;;;;;;;;;;;;;;;;;;;;;;;;;;;;;;;;;;;;
LBR;LIBERIA;12;;;;15486;500584;340;20500;;674;;19418;661;;112;0;5560;;0;2359;;;;;1000000;;;;;;;0;200;;1887;;;;;;;;;;;;;;;;;;;;;;;;;;;;;;;;;;;;;;;;;;;;;;;;;;;;;;;;;;;;;;;;;;;;;;;;;;;;;;;;
LBY;LIBYAN ARAB JAMAH;;2000;;;;;;;;;;;;;;;;;;0;;;;;;;;;;;;;;;;;;;;;;;;;;;;;;;;0;;;;;;;;;;;;;;;;;;;0;;;;;;;;;;;;;;;;;;;;;;;;;;;;;;;;;;;;;;;;;;;;
LTU;LITHUANIA;;;0;;0;;;;0;0;;;;0;;0;;;;;;780000;0;;;;;;;;;;;;;;;;;;;;;;;;;;;;;;;;;;;;;;;;;;;;;;;;;;;;;;;;;;;;;;;;;;;;;;;;;;;;;;;;;;;;;;;;;;;;
LUX;LUXEMBOURG;;;;;0;;;;;;;0;;;;;;;;0;;0;;;0;;;;;;;0;;;;;;;;;;;;;;;;;;;;;;;;;;;;;;;;;;;;;;;;;;;;;;;;;;;;;;;;;;;;;;;;;;;;;;;;;;;;;;;;;;;
MAC;MACAU;;;;;;;;;;;;1;;;;;;;;;;3986;;;;;;;;;;;;;;;;;;;;;;;;;;;;;;;;;;;;;;;;;;;;;;;;;;;;;;;;;;;;;;;;;;;;;;;;;;;;;;;;;;;;;;;;;;;;;
MKD;MACEDONIA FRY;;4911;5100;;;;;1000202;1500;2003;100000;4750;1850;0;0;;;;;1500;;10000;;;;;;;;;;;;;;;;;;;;;;;;;;;;;;;;;;;;;;;;;;;;;;;;;;;;;;;;;;;;;;;;;;;;;;;;;;;;;;;;;;;;;;;;;;;;;
MDG;MADAGASCAR;;45539;335599;115215;192132;131501;1253686;255511;6516;81602;1032429;186120;1150075;;1337499;18228;20000;600000;100000;;540051;;;250000;;55346;950000;;112532;;100215;13560;70000;1118000;;;18000;30000;508876;10050;;;2510056;;10000;43040;75000;;;;;;;;;;;;;;;;;;;;;;;;;;;;;;;;;;;;;;;;;;;;;;;;;;;;;;;;;;;;;;;;;;;;
MWI;MALAWI;;33000;1996735;83587;21290;32197;21649;721965;16852;5144508;;19500;3226548;549016;23323;2000;15000;400622;;1300;;;7000000;150000;2800000;150544;;1429267;;;;;6000;;;20000;;;;;;;;;;2300;;1200;;;;;;;;;;;;;;;;;;;;;;;;;;;;;;;;;;;;;;;;;;;;;;;;;;;;;;;;;;;;;;;;;;;
MYS;MALAYSIA;;75000;;20006;;10875;8000;166533;106518;30600;77101;18803;155;33200;9488;2000;7660;23799;10263;3023;;25000;;3750;;;60000;2576;25000;;;15000;;;;;3000;50;;;;;;;243000;;10005;140000;;300000;;;;;;;;;;;;;;;;;;;;;;;;;;;;;;;;;;;;;;;;;;;;;;;;;;;;;;;;;;;;;;;;;
MDV;MALDIVES;;;;1289;;;;1649;;;27214;;;;;;;;;;;;;23849;;;;300;;;;;;;;;11258;;;;;;;;;;;;;;;;;;;;;;;;;;;;;;;;;;;;;;;;;;;;;;;;;;;;;;;;;;;;;;;;;;;;;;;;;;;;;;
MLI;MALI;;46000;;3516605;632000;20492;2500;88858;26151;1002028;0;11216;22801;3500;0;2200;6434;9666;2208;;;;;302000;;14635;10159;305;0;0;4502;;;4153;1500000;80;0;;;;;;;;;4023;;;0;;;;;;;;;;;;;;;;;;;;;;;;;;0;;;;;;;;;;;;;;;;;;;;;;;;;;;;;;0;;;;;;;;;;
MHL;MARSHALL IS;360;6384;;;;;600;;;;;;;;218;;;;;;;;;6000;;;;;;;;;;;;;;;;;;;;;;;;;;;;;;;;;;;;;;;;;;;;;;;;;;;;;;;;;;;;;;;;;;;;;;;;;;;;;;;;;;;;;;;;;;;
MTQ;MARTINIQUE;;;;0;29200;;;106;;;;;;;;600;;;0;0;;3010;;;1500;0;;;;;;;;;0;20003;;;;;;;;;5000;;;1000;;;;0;;;0;;;;;;;;;;;;;;;;;;;;;;;;;;;;;;;;;;;;;;;;;;;;;;;;;;;;;;;;;;0;;
MRT;MAURITANIA;;6530;;700000;846750;10000;;54120;10619;10085;0;21000;27500;1003000;;23977;344;21400;0;600;;446507;;300;;;575;178;;6900;3000;;12;;1600000;;27000;;1420000;;;;;;;1300000;;;;46000;;;;;;;;;;;;;;;;;;;;;;;;;0;;;;;;;;;;;;;;;;;;;;;;;;;;;;;;0;;;;;;;;;;
MUS;MAURITIUS;;82;;;;;;0;2553;;;;1050;;;1000;;;0;;2300;;;7500;;4507;;;;0;0;351;32500;;108;105257;;;;826258;;;25016;;;;;23524;;;;;;;0;;;;;;;;;;;;;;;;;;;;;;;;;;;;;;;;;;;;;;;;;;;;;;;;;;;;;;;;;;;;
MEX;MEXICO;;172000;136011;3650602;1600307;293871;520000;1858000;270700;2983571;4090;241653;516830;6400;73301;825925;36338;821755;28830;140460;75700;338290;26000;59000;17900;350;125000;3262;0;2130204;30000;282500;95717;28;106360;67535;10850;50000;576400;0;0;150027;100070;0;0;0;500;279345;90069;0;4000;;0;0;;0;;29;;0;0;;0;0;;0;;;;;;3000;;0;;;;;;;;;;;;0;;;;;;;;;;;;;;;;;;;;;;;;;;;;;
FSM;MICRONESIA FED STATES;;;;;;;0;;;;6008;1000;1623;;3431;;28800;;;;;;;;;;;203;;;;;;;;;;;;;;;;;;;;;;;;;;;;;;;;;;;;;;;;;;;;;;;;;;;;;;;;;;;;;;;;;;;;;;;;;;;;;;;;;;;;;;;
MDA;MOLDOVA REP;;;13174;;12000;;4000;210394;0;6500;;;500;;2600000;3360;;2244;;;50580;;;;;;;;;;;;;;;;;;;;;;;;;;;;;;;;;;;;;;;;;;;;;;;;;;;;;;;;;;;;;;;;;;;;;;;;;;;;;;;;;;;;;;;;;;;;;;
MNG;MONGOLIA;;;;;;784113;3151;;;;;1659;665000;179000;1521000;;;;5169;;0;100000;;0;0;;;;0;;;;0;;;;;;;;;;;;;;;;270000;;;;;;;;;0;;;;;;;;;;;;;;;;;;;;;;;;;;;;;;;;;;;;;;;;;;;;;;;;;;;;;;;;;
MNE;MONTENEGRO;;;4500;;6350;450;;1086;;;;;;;;;;;;;;;;;;;;;;;;;;;;;;;;;;;;;;;;;;;;;;;;;;;;;;;;;;;;;;;;;;;;;;;;;;;;;;;;;;;;;;;;;;;;;;;;;;;;;;;;;;;
MSR;MONTSERRAT;;;;;;;;;200;;;;;;;;;4000;4000;5000;;;;;0;12040;;;;;;;;;;;;;;;;;;;;;;;;;;;;;;;;;;;;;;;;;;;;;;;;;;;;;;;;;;;;;0;;;;;;;;;;;;;;;;;;;;;;;;;;;;
MAR;MOROCCO;0;;7500;;77009;9520;20000;;2100;0;13465;10000;15017;300;950;275000;;0;60000;38000;;;;;;;0;0;;;0;0;12216;;;6292;;38000;;12000;;;;137000;266444;;;;2942;47813;0;35010;;;25000;;;;;;0;;;0;;;;;;;;;;;;;;;;;;;;;;;;;;;;;;;;;;;;;;;;;;0;;;;;;;;;
MOZ;MOZAMBIQUE;;240317;109958;64271;480188;33804;745846;1092352;7168;1447837;;681647;606545;849937;4519987;70000;5100;427201;200000;;2502000;;225673;3300000;4000;0;4000;8000;;500000;350000;5679;;5250000;200;6000000;305000;440051;;75000;;;;500000;;;;50000;;;;;;;;;;;0;;;;;;;;;;;;;;;;;;;;;;;;;;;;;;;;;;;;;;;;;;;;;;;;;;;;;;;;
MMR;MYANMAR;;73300;86486;57011;405049;1351;2420000;166664;70106;16;40700;;50000;3750;;50000;;137418;;31945;64970;;4625;360136;;;;;;;;800;36000;48588;;40000;132000;3000;200000;0;1400000;;;;0;;90000;157519;;500000;;200;;;;;;;;;;;;;;;;;;;;;;0;;;;;150000;;;;;;0;;;;40000;;;0;;;;;;;;;;;;;;;;;;;;;0;;
NAM;NAMIBIA;;346018;650;500000;110000;350000;65203;15250;2347;;25000;12000;345000;12098;5058;;25000;;;163200;;;;250000;;;0;;;;;;0;;;;;;;;;;;;;;;;;;;;;;;;;;;;;;;;;;;;;;;;;;;;;;;;;;;;;;;;;;;;;;;;;;;;;;;;;;;;;;;;;;
NPL;NEPAL;0;16823;5;194807;13372;619660;250003;640706;280000;31600;800015;59254;266065;21261;50662;23012;70300;1364;153098;14306;;553753;100000;45988;6300;0;301016;351010;0;62557;0;200050;1475;10000;240600;3500000;27748;;0;75000;;;900000;;20000;;1000;24;20100;;0;5000;;;;;;;;;0;;;;;;;;;;;;;;;;;;;;0;;;;;;;;;;;;;;;;;;;;;;;;;;;;;;;;;;
NLD;NETHERLANDS;;0;0;;0;;0;0;0;1;;0;0;;;200;2000;100;;250000;0;13000;20;;0;;;;0;0;0;;;;;;;;0;;;;0;;;;;;;;;;;;;;;;;;;300000;;;;;;;;;;;;;;;;;;;;;;;;;;;;;;;;;;;;;;;;;;;;;;;;;;;;;
NLD;NETHERLANDS ANTILLES;;;;;;;;;;;;;;;;;;;;40000;;;;;;0;;;;;;;;;;;;;;;;;;;;;;;;;;;;;0;;;;;;0;;;;;;;;;;;;;;;;;;;;;;;;;;;;;;;;;;;;;;;;;;;;;;;;;;;;;;
NCL;NEW CALEDONIA;;;;;;;;;;;;1537;;;;0;;;;;;;;;;0;;;;;;;;2000;;;;;0;0;;;0;;;0;0;;;;;;;;;0;;;;0;;;;0;;;0;;;;;;;;;0;;;;;;;;;;;;;;;;;;;;;;;;;;;;;;;;;;;;;;;
NZL;NEW ZEALAND;;13840;457;301845;300002;;;300;1200;500;5350;1;300;0;0;350;200;340;2000;70;157;;0;248;;154;1958;7855;1830;270;6805;140;;2250;2900;600;2726;120;129;;;;;;;;1314;;;;;;;;;;;;;;;0;;;;;;;;;;;;;;;0;;;;;;;11000;;0;;;;;;;;;;;0;;;;;;;;;;;;;;;;;;
NIC;NICARAGUA;12266;15459;29500;143018;76255;28832;39188;212726;;13643;5969;;29846;212866;15487;112800;871822;290000;10724;40491;75000;123000;306254;381;106411;;360278;;;;;;52000;;40000;30000;;;8000;;;;720000;8250;;0;3560;444;;;;;;;0;;;;;;;;;0;;;;;;;;;;;;;;;;;;;;0;;;;;;;;;;;;;;;;;;;;;;;;;0;;;;;;
NER;NIGER;;181029;535826;3043305;234443;7983642;34805;57274;47256;3000387;20132;31861;4559;3652625;5310;25136;20000;10656;10475;63691;61992;;;90147;1630000;1785;1080000;0;0;;0;;;;3500000;;;;;;16000;;;;2677;5;;;0;;;;;;;;;;;;;;;;;;;;;;;;;;0;;;;;;;;;;0;;;;;;;0;;;;;;;;;;0;;;32000;;;;0;;;0;;;
NGA;NIGERIA;;81506;7015896;52309;1508700;185255;66;55000;13000;27877;31797;210000;4103;92553;8055;119977;107211;;42586;;580000;;0;11200;0;41;301500;120;1400;6000;;3000000;;;;;0;;;;;;;;;80000;;;;;;;;;;;;;;;;;;;;;;;;;;;;;;;;;;;;;;;;;;;;;;;;;;;;;;;;;;;;;;;;;;;;;
NIU;NIUE;;;;;;;;;;;702;;;;;297;;;;;;;;;200;;;;;;;;;;;;;;;;;;;;;;0;;;;;;;;4000;1600;;;;;;;;;;;;;;;;;;;;;;;;;;;;;;;;;;;;;;;;;;;;;;;;;;;;;;;;;;;
MNP;NORTHERN MARIANA IS;;;;;;;;;;;200;;300;;;;;;;;;;;;;;;;;;;;;;;;;;;;;;;;;;;;;;;;;;;;;;;;;;;;;;;;;;;;;;;;;;;;;;;;;;;;;;;;;;;;;;;;;;;;;;;;;;;;;;
NOR;NORWAY;;;;500;;;100;;;0;;;;1500;600;;;;;4000;;0;0;;0;;;;;;;;;;;;;;;;;;;;;;;;;;;;;;;;;;;;;;;;;;;;;;;;;;;;;;0;;;;;;;;;;;;;;;;;;;;;;;;;;;;;;;;;;;;
OMN;OMAN;;;;200;0;;;20000;;;;0;83;;;;;;;;;;;;;;;;;;;;;0;;;;6596;;;;;;;;;;;;;;;;;;;;;;;;;;;;;;;;;;;;;;;;;;;;;;;;;;;;;;;;;;;;;;;;;;;;;;;;;;;;;
PAK;PAKISTAN;;1698756;5050564;5401755;20397901;75080;366084;1652711;8230;12655663;13248;1268800;159918;1319983;258;2737394;213528;861484;1300000;1855000;840036;261609;12842168;205044;296;142400;1000000;;1000;12038;2012;64943;10000;2837;86223;3200;2246000;1022000;5566000;0;50200;4800000;;;;;1075;150000;;0;474427;;;;;0;;0;0;;0;0;;;0;;;;;0;10000;;;;;0;;;;0;;;;;;;;;0;;;;;;;;;;;;;;;;;;;;;;;;;;
PLW;PALAU;;0;;;;;;;;;;;;;;;;;;;;;;;;;;;;;;;;;;;;;;;;;;;;;;;;;;;;;;;;;;;;;;;;;;;;;;;;;;;;;;;;;;;;;;;;;;;;;;;;;;;;;;;;;;;;;;;;;
PSE;PALESTINE (WEST BANK);;62571;1500;;500;;0;;;;;;;;;;;;;;;;;;;;;;;;;943;;;;;;;;;;;;;;;;;;;;;;;;;;;;;;;;;;;;;;;;;;;;;;;;;;;;;;;;;;;;;;;;;;;;;;;;;;;;;;;;;;;
PAN;PANAMA;;0;9448;4000;32941;4248;23837;129;7866;7000;22748;2415;26673;775;1000;895;7500;;;2624;;;50;42214;;;8732;;6000;;1000;81000;;;;;2000;;;;;4000;300;;44345;;;;2600;;1718;;;;;;;;;;;;;;;;;;;;;;;;;;;;;;;;;;;;;;;;;;;;;;;;;;;;;;;;;;;;;;;;
PNG;PAPUA NEW GUINEA;;35000;200000;0;;7391;75300;162140;25999;17693;19600;621;20859;1596;5000;38000;9867;515500;1837;;152002;114240;90000;5000;0;;1000;4000;1000;0;;38000;;;40000;0;;;;;;;0;0;0;;;;;;;;;;2000;;;3200;;;;;;0;;;;;;;;;;;;;;7500;;;;;;;0;;;;;;;;;;;;;;;;;;;;;;;;;;;;;;
PRY;PARAGUAY;;186400;1495945;31945;0;212759;71612;125000;100000;52990;0;;15265;;0;42273;0;75077;;275000;;;65575;;15000;;45000;;;;;100000;85000;;;190000;;;;;;;;27000;;;;;7390;25000;;13400;;;;;;;;;;;;;;;;;;;;;;;;;;;;;;;;;;;;;;;;;;;;;;;;;;;;;;;;;;;;;;;
PER;PERU;18000;280906;364683;839066;170357;276036;450012;1590617;18325;2505;2145043;1905350;119050;420558;50;500530;36370;611904;76722;0;101130;219145;1130000;330638;2307400;500;6025;28904;208546;4400;0;702700;85000;17271;39000;1100;22000;940;;;57174;0;1575000;330000;3367542;131820;420;50300;264356;0;;;0;;0;;0;;;;;0;;;200;;;0;0;;;0;;0;0;;;;;;;;;;;;;;;;;;;;;;;;;;;0;;;;;;;;;;;;;
PHL;PHILIPPINES;1196447;25667070;12531446;11729947;5581507;13352484;8459896;2023092;8612817;213057;3263076;687761;1211212;3624958;6425002;3492943;9934299;471770;135309;3408697;3147727;4094420;2101704;2614553;8918873;2445653;4517505;4239732;1243351;1609593;4605206;1865326;1220700;1409167;2895045;601521;1891086;226229;2913306;5323;1305476;3450088;3263325;46511;1812747;1700;277904;137000;286000;58785;1225546;2000;0;;425000;0;;0;0;2000;101;;452;60000;0;0;0;;0;;;;;;0;;0;0;0;;0;;2500;0;;;;;;;;;;;;;0;;;;;;0;199;;;;;;0;;;;;
POL;POLAND;0;53;310;0;100700;232;1060;0;500;3600;600;;0;15000;0;0;1200;224500;;;0;;0;;0;;;0;;;;900;17874;;4500;;;1000;;;;;;;;;;;;;;;;;;;;;;;;;;;;;;;;;;;;;;;;;;;;;;;;;0;;;;;;;;;;;;;;;;;;;;;;;;;;;;
PRT;PORTUGAL;54;3967;;;618;0;110;;240;136;0;150036;60;200;70;;;200;3050;;;;;0;;0;;;50;0;;2000;;900;;45220;;;;;;0;;;;;;1100;;;;;;;;;;;;;;;;;;;;;;;;;;;;;;;;;;;;;;;;;;;;;;;;;;;;;;;;;;;;;;;;;;;
PRI;PUERTO RICO;;;0;2271;;;;0;;;3500;2505;;9480;;0;0;;57315;98000;0;;600;;;2000;;;;0;;;;0;;4500;;;;0;;;;;0;;;;;;;;;;0;;;;;;;;;;;;;;;;;;;;;;;;;;;;0;;;;0;;;;;;;;;;0;;;;;;;;;;;;;;;;;;
REU;REUNION;;;;;;;;90;;157000;;;3100;;600;;;;;;;0;;;;6261;;4000;;;0;;;;7000;;;1000;;;;;;;;;;;;;;;;;;;;;;;;;;;;;0;;;;;;;;;;;;;;;;;;;;;;;;;;;;;;;;;;;;;;;;;;;;;;;;
ROU;ROMANIA;0;5400;7539;;12237;24;11090;4260;24783;57071;30528;601;8701;14803;63831;14106;13700;122380;727;5000;5406;200;;20850;700;;;;;;2000;0;;;;;;386300;;1000000;;;;;238755;;;;;;;;;;;;;;;;;;;;;;;;;0;;;;;0;;;;;;0;;;;;;0;;0;;;;;;;;;;0;;;0;0;;;;0;;;;;;;;
RUS;RUSSIA;;337126;48999;14183;55671;;5235;21512;19774;9047;13720;1002406;409795;394027;99405;738471;291206;5038;234900;153418;800037;15013;1750;;;;;;;;;;;;;;;;;;;;;;;;;;;;;;;;;;;;;;;;;;;;;;;;;;;;;;;;;;;;;;;;;;;;;;;;;;0;;;;;;;;;;;;;;;;;;
RWA;RWANDA;;;11160;3608;5937;;11989;4500;2300;;540;1007016;22279;3000;164;895033;2951;;82106;;;;;214;;60000;21678;;;;420000;;;;;;2000;;1700000;;1900000;;;;;;;;;;;;;;;;;;;;;;;;;;;;;;;;;;;;;;;;;;;;;;;;;;;;;;;;;;;;;;;;;;;;;;;;;;
WSM;SAMOA;;;12703;;;5585;;;;0;0;;;0;;;;;;;;;;88000;195000;0;;;;;;2000;;;;;;;;;;;;;;;4;;95000;;0;;;;;;;;;;;;;;;;;;;;;;;;;;;;;;;;;;;;;;;;;;;;;;;;;;;;;;;;;;;;;;;;
STP;SAO TOME ET PRINCIPE;;;;;;;;;;;;;;;;;;;;;;;;;;1063;;;0;;;93000;;;;;;;;;;;;;;;;;;;;;;;;;;;;;;;;;;;;;;;;;;;;;;;;;;;;;;;;;;;;;;;;;;;;;;;;;;;;;;;;;;;
SAU;SAUDI ARABIA;;1021;0;0;85;10000;;;;67;430;13050;0;74;497;;;;;;;;;;;;;;;5000;;;0;;;;;;;;;;;;;;;;;;1000;;;;;;;;;;;;;;;;;;;;;;;;;;;;;;;;;;;;;;;;;;;;;;;;;;;;;;;;;;;;;;;;
SEN;SENEGAL;;163306;57000;855220;102516;264000;23600;8125;;73022;1861;7769;463181;;0;95853;302709;;;3031;17500;5000;;;;;10000;0;0;6100;0;5000;1200000;;;950000;298;3715000;;;;;;;;1400000;;;2000;150;;;;;;;;;;;;;;;;;;;;;;;;;0;;;;;;;;;;;;;;;;;;;;;;;;;;;;;;0;;;;;;;;;;
SRB;SERBIA;3000;3000;88234;;31930;3710;;12370;;;;;;;;;;;;;;;;;;;;;;;;;;;;;;;;;;;;;;;;;;;;;;;;;;;;;;;;;;;;;;;;;;;;;;;;;;;;;;;;;;;;;;;;;;;;;;;;;;;;;;;;;;;
SRB;SERBIA MONTENEGRO;;;;;;;;;36200;3790;;;2500;170;6082;71707;;;;;;;6000;;;;;;;;;;;;;;;;;;;;;;;;;;;;;;;;;;;;;;;;;;;;;;;;;;;;;;;;;;;;;;;;;;;;;;;;;;;;;;;;;;;;;;;;;;;;
SYC;SEYCHELLES;4435;3000;;;;;;;5461;;4830;;6800;;;;;1237;;;;;;;;;;;;;;;;;;;;;;;;;;;;;;;;;;;;;;;;;;;;;;;;;;;;;;;;;;;;;;;;;;;;;;;;;;;;;;;;;;;;;;;;;;;;;;;;;
SLE;SIERRA LEONE;0;2257;23009;0;239;1470;1746;4500;;15000;633;90;;3;0;3231;1770;2024;200953;;;;;;;;;;;3000;0;;;;;;;;;10000;;;;;;;;;;;;;;;;;;;;;;;;;;;;;;;;;;;;;;;;;;;;;;;;;;;;;;;;;;;;;;;;;;;;;;;;;;;
SGP;SINGAPORE;;;;;;;;;;;;205;;;2022;11;;;;;;;;;;;;;;;;;;;;;;;;;;;;;;;;;;;;;;;;;;;;;;;;;;;;;;;;;;;;;;;;;;;;;;;;;;;;;;;;;;;;;;;;;;;;;;;;;;;
SVK;SLOVAKIA;;0;0;;850;;;89;100;0;10554;0;0;0;0;36148;11667;0;;;;;;;;;;;;;;;;;;;;;;;;;;;;;;;;;;;;;;;;;;;;;;;;;;;;;;;;;;;;;;;;;;;;;;;;;;;;;;;;;;;;;;;;;;;;;;;;;
SVN;SLOVENIA;50000;;12000;;;;;1050;;0;605;0;;;;;700;;;;;;;;;;;;;;;;;;;;;;;;;;;;;;;;;;;;;;;;;;;;;;;;;;;;;;;;;;;;;;;;;;;;;;;;;;;;;;;;;;;;;;;;;;;;;;;;;;
SLB;SOLOMON IS;50000;15526;4836;0;17733;7000;0;2384;;;;425;1110;;;;380;0;;;;88500;0;;;;500;;150000;650;;;30000;;;6000;;1001;;0;;;;6000;;;200;0;1000;;;;;;;;;;0;;;;;;;;;;;;;;;;;0;;;;;;;;0;;;;;;;;;;;;;;;;;;;;;;;;;;;;;;;
SOM;SOMALIA;;247380;3032200;2800;4016200;1750;3352663;45699;492376;7719;306583;300;1191;6611;1575990;175;14564;1233044;5657;8500;17000;;;;;50000;53500;530000;7093;4815;;0;;30000;0;;;42671;;;230000;;;;;0;;;;0;700000;;;0;;;;;;;;;;;;;;;;;;;;;;;;;;;;;;;;;;;;;;;;;;;;;;;;;;;;;;;;;;;;;
ZAF;SOUTH AFRICA;7185;2870;126350;206323;6000;20300;20353;39600;7160;58;15015174;1100;118568;43308;90857;24085;160;353;7530;304500;13000;15000;;0;6;;1320028;65310;850000;;500000;200;0;185;0;;0;1000;;;0;;;;;1000;0;;;;5000;;;;;0;;;;;;;0;;;;;;;;;;;;;;;;;;;;;;;;;;;;;;;;0;;;;;;;;;;;;;;;;;;;;
SSD;SOUTH SUDAN;;581003;157000;;;;;;;;;;;;;;;;;;;;;;;;;;;;;;;;;;;;;;;;;;;;;;;;;;;;;;;;;;;;;;;;;;;;;;;;;;;;;;;;;;;;;;;;;;;;;;;;;;;;;;;;;;;;;;;;
ESP;SPAIN;0;600;641;17700;30;0;;4430;0;1;1700;201;50;751;1002;20;600;2133;4129;70;16520;;;0;6000000;0;;2000;;300;60060;507600;226600;0;0;50;0;;;;;0;0;0;;;;;;;;;0;;;;;0;70;;;0;;;;;;;;;;;;;;;;;;;;;;;;;;;;;;;;;;;;;;;;;;;;;;;;;;;;;
LKA;SRI LANKA;;81300;2316021;1355308;770265;415007;826905;406000;333002;145000;1234306;695000;500000;1000160;775113;380936;364485;6695;10000;120000;728150;330130;655950;297151;440000;501000;806000;2200000;64485;8000;575000;1250000;2130000;20000;0;0;1007000;250728;;;0;;;;;1000000;;247000;352347;;380000;;;;;;;250000;;;;;;;;;;;;;;;;;;;;;;;;;;;;;;;;;;;;;;;;;;;;;;;;;;;;;;;;;
SHN;ST HELENA;;;;;;;;;;;;;;300;;;;;;;;;;;;;;;;;;;;;;;;;;;;;;;;;;;;;;;;;;;;;;;;;;;;;;;;;;;;;;;;;;;;;;;;;;;;;;;;;;;;;;;;;;;;;;;;;;;;;
KNA;ST KITTS AND NEVIS;;;;;;;;;;;;;;;;1180;10000;;;1800;;;;;0;1300;;0;;;0;;;;;;;;;;;;;;;;;;;;;;;;;;;;;0;;;;;;;;;;;;;;;;;;;;;;;;;;;0;;;;;;;;;;;;;;;;;;;;;;;;;;;;
LCA;ST LUCIA;;170000;;;3000;;;0;;;0;;;;;200;;;175;;750;;;;;;0;0;0;;;3000;;;80000;;;;;;;;;;;;;0;;;;0;;;0;;;;;;;;;;;;;;;;;;;;;;;;;;;;;;;;;;;;;;;;;;;;;;;;;;;;;;;;;;;;
VCT;ST VINCENT AND THE GRENADINES;;13091;;275;6100;;;;;530;1004;;0;;;100;;;;;;;200;;;;;1208;152;;;;;;20500;20000;;0;;;;;;2000;;;;0;;;;;;;;;;;;0;;;;;;;;;;;;;;;;;;;;;;;;;;;;;;;;;;;;;;;;;;;;;;;;;;;;;0;;
SDN;SUDAN;;401013;3335813;30;316362;4411455;93003;572974;195769;168234;8114;325234;101281;97000;2002363;284800;1022403;100000;282200;;5965;2015;;8600000;608000;;2538805;3450000;0;;;8532000;;;0;;100000;;299;145000;;;;;;;;;0;2300;;;;;;;;;;;;;;;72162;;;;;;;;;;15000;;;;;;;;;;;;;;;;;;;;;;;;;;;;;;;;;;;;;;;;
SUR;SURINAME;;;;;;;6548;;25000;;;;;;;;;;;;;;;;;;;;;;;;;;;;;;;;;;;;;4600;;;;;;;;;;;;;;;;;;;;;;;;;;;;;;;;;;;;;;;;;;;;;;;;;;;;;;;;;;;;;;;;;;;;;
SWZ;SWAZILAND;;;;;;;2500;411500;6535;1150;;;;970000;273449;;;;0;;;;2228;;250000;;;;;;632500;0;;;;;;;;;;;;;;;;;;;;;;;;;;;;;;;;;;;;;;;;;;;;;;;;;;;;;;;;;;;;;;;;;;;;;;;;;;;;;;;;;;;
SWE;SWEDEN;;0;;;;;;;;0;;0;350;;;0;;;;;;;;;0;;;;;0;;;;;;;;50;0;;;;;;;;;;;;;;;;;;;;;;;;;;;;;;;;;;;;;;;;;;;;;;;;;;;;;;;;;;;;;;;;;;;;;;;;;;;;
CHE;SWITZERLAND;;84;0;3;0;0;;101;3000;2500;;8;283;0;1500;0;0;0;;;0;0;;;0;;2000;0;0;0;0;140;0;;;;;0;0;0;;;;;48;;22;;;0;;;;;;;;;;;;;;0;;;;;;;;;;;;;;;;;;;;;;;;;;;;;;;;;;;;;;;;;;;;;;;;;;;
SYR;SYRIAN ARAB REP;;;;;;;1300000;;0;;180;;23;172;;329000;;;;;;;;;;;;;;;;;;;;;;4165;;;205000;;;;;;;40000;;;;;;;;;;;;;;;;;;;;;;;;;;;;;;;;;;;;;;;;;;;;;;;;;;;;;;;;;;;;;;;;;;;
CHN;TAIWAN (CHINA);;1670;35000;;196;2307523;88;2879;1142;4339;8873;309;500;652339;2102;108918;650300;78;0;;588;;0;4;20000;0;;2200;180;;15;0;;0;;;;37528;;;;;;;;40408;;167;5021;166;62485;;0;0;0;0;0;;;;;0;;0;;;;;;;;;;;;;;;;0;;;;;;;;;;;0;;;;;;;;;;;;;0;;;;;0;;;;;;
TJK;TAJIKISTAN;2600;2500;8087;2130;16918;15000;2800000;24312;29155;7065;400180;8192;5801;3185;3006000;11092;41890;15618;187516;0;6051;75357;63500;;280;;;;;;;;;;;;;;;;;;;;;;;;;;;;;;;;;;;;;;;;;;;;;;;;;;;;;;;;;;;;;;;;;;;;;;;;;;;;;;;;;;;;;;;;;;
TZA;TANZANIA UNI REP;30000;;0;1065976;;51205;10134;284;3722938;16124;254000;1902000;3349;1565;3506;529;45277;52482;3000000;21850;9500;201823;;801733;162868;141056;116500;500;6000;118;1900000;0;40000;;0;90000;9000;26050;;;68000;;;;;;57000;53483;;;14400;;;;;;;;;;;;;;;;;;;;;;;;;;;;;;;;;;;;;;;;;;;;;;;;;;;0;;;0;;0;;;;;;;0;
THA;THAILAND;1000000;3515254;235545;11253854;15454135;200000;11573157;183000;2557308;822810;583175;112711;8354124;470529;3366966;6283762;;50394;5343386;4280984;196257;1103261;386446;4410812;0;199000;1114819;0;27801;7640;786171;1000000;;43000;630000;;2028400;2800;;3000093;;;;;;;;;205200;;;;0;;;;;;;0;;;;;;;;;;;;;;;;;;;;;;;;;;;;;;;;;;;;;;;;;;;;;;;;;;;;;;;
TLS;TIMOR-LESTE;197;;;;;;;947;8730;336;;1050;;2508;;;;;;;;;;;;;;;;;;;;;;;;;;;;;;;;;;;;;;;;;;;;;;;;;;;;;;;;;;;;;;;;;;;;;;;;;;;;;;;;;;;;;;;;;;;;;;;;;;;;;
TGO;TOGO;;168;;;111786;0;45500;141331;2000;;;790;494;1567;;65000;34074;;2619;185000;11500;;;;;400000;1617;;;;;0;;;;;;;;;;;;150000;;;;;15;;;;;;;;;;;;;;;;;;;;;;;;;;;;;;;;;;;;;;;;;;;;;;;;;;;;;;;;;;;;;;;;;;
TKL;TOKELAU;;;;;;;;;;26;;;;;;;;;;;;;;;102;;;1730;;;;;;;;;;;;;;;;;;;;;0;;;;;;;;;;;;;;;;;;;;;;;;;;;;;;;;;;;;;;;;;0;;;;;;;;;;;0;;;;;;;;;;;;;;
TON;TONGA;4014;;;0;;507;;;;;0;;;16500;;;3571;3000;;;;;;;3103;;;;;;;;146514;;;;;15510;;;;900;;;;;;;;;;;;8000;;;;;;;;;;;;;;;2500;;;;;;;;;;;;;;;;;;;;;;;;;;;;;;;;;;;;;;;;;;;;;;
TTO;TRINIDAD AND TOBAGO;;;;;0;;;;;0;1760;;;;;;;217;200;;;10;;;1000;;;;;;;;;;;;;;;;50000;;;;;;;;;;;0;;;;;;;;;;;;;;;;;;;;;;;;;;;;;;0;;;;;;;;;;;;;;;;;;;;;;;;;;;;;;;;;
TUN;TUNISIA;;;;;;8;;6500;;;;27000;;;;;;;;;;;;;152000;;0;;2500;;;;30000;;;750;;31400;;;;44240;;;;271269;;;;;21000;;0;;;;;0;;;;;;;;;;;;;;;;;;;;;;;;;;;;;;;;;;;;;;;;;;;;;;;;;;;;;;;;;
TUR;TURKEY;;0;0;43167;3806;35137;300;3186;63245;6203;88652;290932;255327;3731;25730;1584792;2832353;;26506;479104;8000;0;349919;503;4500;;2120;150;21103;744;750273;834137;;0;60000;;2645;100000;216034;53372;0;;0;88665;83448;350;1975;326073;109500;100000;30600;;267;;;;;219;0;;;50000;250;150;;355;0;;0;;0;5000;0;;0;68;800;;;;;;;;;;209;;;;;;;;;;;;;;;;1575;;;;;;;;;0;;;
TKM;TURKMENISTAN;;;;;;;;;;;;;;;0;;;;;;;420;;;;;;;;;;;;;;;;;;;;;;;;;;;;;;;;;;;;;;;;;;;;;;;;;;;;;;;;;;;;;;;;;;;;;;;;;;;;;;;;;;;;;;;;;;;;;
TCA;TURKS AND CAICOS IS;;;;;;;1500;;;;200;;;;;;;;;;;;;;0;;;;;770;;;;;;;;;;;;;;;;;;;;;;;;;;;;;;;;;;;;;;;;;;;;;;;;;;;;;;;;;;;;;;;;;;;;;;;;;;;;;;;;;;;;;
TUV;TUVALU;;;;0;;;;;;;;;;;;;;;;;;150;;;700;;;0;;;0;;;;;;;;;;;;700;;;;;;;;;;;;;;;;;;;;;;;;;;;;;;;;;;;;;;;;;;;;;;;;;;;;;;;;;;;;;;;;;;;;;;;;
UGA;UGANDA;;26446;24412;732122;12985;544;1130428;726982;11382;600726;30053;2442;655960;4175;10728;702205;141800;253800;0;;50000;;0;0;1170;961;2000;600000;340;;;;153;;;500000;;;;;;;;;;;;25000;5510;;;;;;;;;;;;;;;;;;;;;;;;;;;;;;;0;;;;;;;;;;;;;;;;;;;;;;;;;;;;;;;;;;0;
UKR;UKRAINE;;2260;88026;;40059;0;224725;7552;64600;8340;;600;;300000;48110;;24570;102;10000;1705336;1333;325000;1000;;;;;;;;;;;;;;;;;;;;;;;;;;;;;;;;;;;;;;;;;;;;;;;;;;;;;;;;;;;;;;;;;;;;;;;;;;;;;;;;;;;;;;;;;;;;
GBR;UNITED KINGDOM;18000;4800;3785;;0;4127;3300;374701;;3000;1008;4;750;270;21544;530;253300;0;12000;0;700;600;;0;0;0;;0;0;144;16;12;;0;;;;0;0;;;;0;;;;700;;0;;;;;;;;;;;;;;0;;;;;;;;;;;;;;;;;;;;;;;;;;;;;;;;;;;;;;;;;;;;;;;;;;;;
USA;UNITED STATES;400;214574;93151;431398;12571;11323;13391218;668118;83537;850004;5100821;274891;174846;204727;88298;3059989;231842;197266;247296;201460;64602;450630;296439;3400;14218;29172;0;5494;2259;1026050;20157;7553;51500;0;120072;2160;0;2700;0;200;0;246;3000;1000;0;0;458;0;0;1000;0;0;0;0;0;0;0;0;0;0;0;0;0;0;0;0;0;0;0;0;0;0;;;0;;0;0;0;0;;0;0;;;;0;0;0;0;;;;;0;0;0;;;0;;0;;;0;0;;;0;;;0;;;0
URY;URUGUAY;;;;;0;22000;;120000;;12;2000;200;4000;5000;5500;1000;9300;500;;;;2000;4700;1500;;;;;18500;;;;;;;;;;;;;;;;;;;38063;;;;;;;;;;;;;;;;;;;;;;;;;;;;;;;;;;;;;;;;;;;;;;;;;;;;;;;;;;;;;;;;;;;
UZB;UZBEKISTAN;;;;86;;;;;;1500;;;;;600000;0;148;;;;;;50400;;;;;;;;;;;;;;;;;;;;;;;;;;;;;;;;;;;;;;;;;;;;;;;;;;;;;;;;;;;;;;;;;;;;;;;;;;;;;;;;;;;;;;;;;;;;
VUT;VANUATU;20000;;;0;;1350;9000;;0;5000;54008;;4004;5300;;14100;2400;0;;;0;12005;1160;;2;;9700;48000;;117500;;;;0;;0;;0;;0;;;0;;;;;;;;;;;;;0;;;;;;;;0;;;;;;;;;;;0;;;;;;;;;;;;;;;;;;;;;;;;;;;;;;;;;;;;;;;;
VEN;VENEZUELA;;;11000;3786;94800;0;1500;;135;45797;5730;650;55376;;27004;543503;;22183;51500;32280;518;5900;0;967;9506;2000;5480;17029;1000;15000;;;;4000;186;;;;;;;;;0;;;;104536;;;;;0;;;;;;;;;;;;0;;;;;;;;;;;;;;;;;;;;;;;;;;;;;;;;;;;;;;;;;;;;;;;;;;
VNM;VIET NAM;;4129209;356512;1361647;1524433;3717461;789153;1647602;3349410;870136;535974;421907;2733616;1809090;5039580;7183281;2565742;4081177;1051797;423051;394034;53757;227056;773219;512308;6417359;1320000;937011;2502502;3250257;689799;1181868;1300290;;16279884;;4079000;1000;;;;150000;;50000;204000;;;;195902;;710848;;;;;;;;0;;;0;;;;;;;;;;;;;;;;;;;;;;;;;;;;;;;;;;;;;;;;;;;;;;;;;;;;;
VGB;VIRGIN IS (UK);;;;;;;;;;;;;;;;;;;3;0;;;;;;;;;;;;;;;;;;;;;;;;;;;;;;;;;;;;;;;;;;;;;;;;;;;;;;;;;;;;;;;;;;;;;;;;;;;;;;;;;;;;;;;;;;;;;;;
VIR;VIRGIN IS (US);;;;;;;;;;;0;;;;;0;0;;;10000;;;;;;10000;;;;;;;;;;;;;;;;;;;;;;;;;;;;;;;;;;;;;;;;;;;;;;;;;;;;;;;;;;;;;;;;;;;;;;;;;;;;;;;;;;;;;;;;;
WLF;WALLIS AND FUTUNA IS;;;1252;;;;;;;;;;;;;;;;;;;;;;;;;;4500;;;;;;;;;;;;;;;;;;;;0;0;;;;;;;;;;;;;;;;;;;;;;;;;;;;;;;;;;;;;;;;;;;;;;;;;;;;;;;;;;;;;;;;;
YEM;YEMEN;;49092;;;1002;0;25064;2633;2320;911;;0;700;0;289;19750;3240;;243210;;;21500;;70039;;;;;;;;;;;;;;;;;;;;;;;;;;;;;;;;;;;;;;;;;;;;;;;;;;;;;;;;;;;;;;;;;;;;;;;;;;;;;;;;;;;;;;;;;;;
ZMB;ZAMBIA;;1800;153;1375;1350;620012;23312;1553636;105;1211615;196398;14835;;618325;13224;13083;1300000;;;1273204;;;11659;1713154;667;800000;;;0;;;0;0;;;0;30900;;;;;;;;;;;;;;;;;;;;;;;;;;;;;;;;;;;;;;;;;;;;;;;;;;;;;;;;;;;;;;;;;;;;;;;;;;;;;;
ZWE;ZIMBABWE;1002;2209700;;1140;1668696;1346;98349;2127000;;1183;;18750;452;6030000;268812;462;55377;;500000;;;;5649;5000000;;;;;;;;;0;;;;;;;0;;;;;;;;;;;;;;;;;;;;;;;;;;;;;;;;;;;;;;;;;;;;;;;;;;;;;;;;;;;;;;;;;;;;;;;;;;;
